{
    "Server Software": "EOS",
    "Server Hostname": "example.com",
    "Server Port": 80,
    "Document Path": "",
    "Document Length": "1256 bytes",
    "Concurrency Level": 50,
    "qps": null,
    "Time taken for tests": "0.327 seconds",
    "Complete requests": 5,
    "Failed requests": 0,
    "Error rate": "0.00%",
    "Write errors": 0,
    "Connection errors": 0,
    "Read errors": 0,
    "Status code errors": 0,
    "Invalid URL errors": 0,
    "Timeout errors": 0,
    "Keep-Alive requests": 0,
    "Total transferred": "7690 bytes",
    "HTML transferred": "6280 bytes",
    "Requests per second": "15.29 [#/sec] (mean)",
    "Time per request": "305.027 [ms] (mean)",
    "Transfer rate received": "22.97 [Kbytes/sec] received",
    "Transfer rate sent": "0.24 [Kbytes/sec] sent",
    "Transfer rate total": "23.21 [Kbytes/sec] total",
    "Connection Times (ms)": {
        "Connect": {
            "min": 269.8278999887407,
            "mean": 305.0020799972117,
            "median": 322.5209999945946,
            "max": 326.75320000271313
        },
        "Processing": {
            "min": 0.000200001522898674,
            "mean": 0.0002800021320581436,
            "median": 0.000300002284348011,
            "max": 0.000300002284348011
        },
        "Waiting": {
            "min": 0.013900003978051245,
            "mean": 0.02443999983370304,
            "median": 0.02680000034160912,
            "max": 0.028700000257231295
        },
        "Total": {
            "min": 269.8560999997426,
            "mean": 305.0272800028324,
            "median": 322.54850000026636,
            "max": 326.7678000120213
        }
    },
    "Percentage of the requests served within a certain time (ms)": {
        "50": 322.54850000026636,
        "66": 325.65269999031443,
        "75": 325.65269999031443,
        "80": 326.7678000120213,
        "90": 326.7678000120213,
        "95": 326.7678000120213,
        "98": 326.7678000120213,
        "99": 326.7678000120213
    }
}