{
    "Server Software": "ECAcc",
    "Server Hostname": "example.com",
    "Server Port": 80,
    "Document Path": "",
    "Document Length": "1256 bytes",
    "Concurrency Level": 10,
    "qps": null,
    "Time taken for tests": "0.081 seconds",
    "Complete requests": 10,
    "Failed requests": 0,
    "Error rate": "0.00%",
    "Write errors": 0,
    "Connection errors": 0,
    "Read errors": 0,
    "Status code errors": 0,
    "Invalid URL errors": 0,
    "Timeout errors": 0,
    "Keep-Alive requests": 0,
    "Total transferred": "16145 bytes",
    "HTML transferred": "12560 bytes",
    "Requests per second": "122.75 [#/sec] (mean)",
    "Time per request": "70.693 [ms] (mean)",
    "Transfer rate received": "193.53 [Kbytes/sec] received",
    "Transfer rate sent": "0.00 [Kbytes/sec] sent",
    "Transfer rate total": "193.53 [Kbytes/sec] total",
    "Connection Times (ms)": {
        "Connect": {
            "min": 66.1229999968782,
            "mean": 70.67802000092342,
            "median": 71.19139999849722,
            "max": 76.86620000458788
        },
        "Processing": {
            "min": 0.000100000761449337,
            "mean": 0.00017999991541728377,
            "median": 0.000200001522898674,
            "max": 0.000300002284348011
        },
        "Waiting": {
            "min": 0.007499998901039362,
            "mean": 0.014550000196322799,
            "median": 0.010299991117790341,
            "max": 0.03959999594371766
        },
        "Total": {
            "min": 66.13289999950211,
            "mean": 70.6930900021689,
            "median": 71.19930000044405,
            "max": 76.88710000365973
        }
    },
    "Percentage of the requests served within a certain time (ms)": {
        "50": 71.19930000044405,
        "66": 71.2191999919014,
        "75": 72.56149999739137,
        "80": 72.60820000374224,
        "90": 76.88710000365973,
        "95": 76.88710000365973,
        "98": 76.88710000365973,
        "99": 76.88710000365973
    }
}