{
    "Server Software": "ECAcc",
    "Server Hostname": "example.com",
    "Server Port": 80,
    "Document Path": "",
    "Document Length": "1256 bytes",
    "Concurrency Level": 1,
    "qps": 1.0,
    "Time taken for tests": "1.079 seconds",
    "Complete requests": 1,
    "Failed requests": 0,
    "Error rate": "0.00%",
    "Write errors": 0,
    "Connection errors": 0,
    "Read errors": 0,
    "Status code errors": 0,
    "Invalid URL errors": 0,
    "Timeout errors": 0,
    "Keep-Alive requests": 0,
    "Total transferred": "1596 bytes",
    "HTML transferred": "1256 bytes",
    "Requests per second": "0.93 [#/sec] (mean)",
    "Time per request": "65.224 [ms] (mean)",
    "Transfer rate received": "1.44 [Kbytes/sec] received",
    "Transfer rate sent": "0.00 [Kbytes/sec] sent",
    "Transfer rate total": "1.44 [Kbytes/sec] total",
    "Connection Times (ms)": {
        "Connect": {
            "min": 65.18259999575093,
            "mean": 65.18259999575093,
            "median": 65.18259999575093,
            "max": 65.18259999575093
        },
        "Processing": {
            "min": 0.00029998773243278265,
            "mean": 0.00029998773243278265,
            "median": 0.00029998773243278265,
            "max": 0.00029998773243278265
        },
        "Waiting": {
            "min": 0.04020000051241368,
            "mean": 0.04020000051241368,
            "median": 0.04020000051241368,
            "max": 0.04020000051241368
        },
        "Total": {
            "min": 65.22419999237172,
            "mean": 65.22419999237172,
            "median": 65.22419999237172,
            "max": 65.22419999237172
        }
    },
    "Percentage of the requests served within a certain time (ms)": {
        "50": 65.22419999237172,
        "66": 65.22419999237172,
        "75": 65.22419999237172,
        "80": 65.22419999237172,
        "90": 65.22419999237172,
        "95": 65.22419999237172,
        "98": 65.22419999237172,
        "99": 65.22419999237172
    }
}